id	date_create	date_modify	title	category	images	thumbnail	price	description	quantity
1	2020-03-20 12:30:02	2020-03-20 12:30:02	Totoro	Pin	pin_totoro.jpg	pin_totoro_m.jpg	12	- Silver plated brass pin with hard enamel - Metal pin clutch - 2" x 2" x 2mm	300
2	2020-03-20 12:35:33	2020-03-20 12:35:33	Mr. Ishikawa	Pin	pin_mr.ishikawa.jpg	pin_mr.ishikawa_m.jpg	10	- Gold plated brass pin with hard enamel - Metal pin clutch - 0.75" x 0.75" x 2mm	100
3	2020-03-20 12:38:28	2020-03-20 12:38:28	London Police	Pin	pin_london-police.jpg	pin_london-police_m.jpg	10	- Gold plated brass pin with hard enamel - Metal pin clutch - 0.25" x 1" x 2mm	300
4	2020-03-20 13:03:28	2020-03-20 13:03:28	Yellow Submarine	Pin	pin_yellow-submarine.jpg	pin_yellow-submarine_m.jpg	12	- Silver plated brass pin with hard enamel - Metal pin clutch - 1.5" x 0.5" x 2mm	300
5	2020-03-20 13:08:46	2020-03-20 13:08:46	California	Pin	pin_california.jpg	pin_california_m.jpg	8	- Gold plated brass pin with hard enamel - Black rubber pin clutch - 1.5" x 0.5" x 2mm	500
6	2020-03-20 13:13:28	2020-03-20 13:13:28	I Love NY	Pin	pin_i-love-ny.jpg	pin_i-love-ny_m.jpg	8	- Silver plated brass pin with hard enamel - Metal pin clutch - 0.5" x 0.5" x 2mm	500
7	2020-03-20 13:15:24	2020-03-20 13:15:24	Quebec	Pin	pin_quebec.jpg	pin_quebec_m.jpg	8	- Gold plated brass pin with hard enamel - Metal pin clutch - 1" x 0.75" x 2mm	500
8	2020-03-21 18:08:08	2020-03-21 18:08:08	Astro-gun	Pin	pin_astro-gun.jpg	pin_astro-gun_m.jpg	12	- Black nickel plated brass pin with hard enamel - Metal pin clutch - 1.25" x 0.75" x 2mm	100
9	2020-03-21 18:12:14	2020-03-21 18:12:14	Astro-helmet	Pin	pin_astro-helmet.jpg	pin_astro-helmet_m.jpg	12	- Black nickel plated brass pin with hard enamel - Metal pin clutch - 1.25" x 1.25" x 2mm	100
10	2020-03-21 18:14:08	2020-03-21 18:14:08	Always Making Things	Pin	pin_always-making-things.jpg	pin_always-making-things_m.jpg	10	- Gold plated brass pin with hard enamel - Black rubber pin clutch - 1.5" x 0.75" x 2mm	300
11	2020-03-21 18:17:53	2020-03-21 18:17:53	Astro-25	Patch	patch_astro-25.jpg	patch_astro-25_m.jpg	8	- Embroidered patch design - Iron-on backing - Measurements: 3" diameter	50
12	2020-03-21 18:21:04	2020-03-21 18:21:04	Astro	Patch	patch_astro.jpg	patch_astro_m.jpg	8	- Embroidered patch design - Iron-on backing - Measurements: 3" tall	50
13	2020-03-21 18:24:40	2020-03-21 18:24:40	Astro-Fight Gravity	Patch	patch_astro-fight-gravity.jpg	patch_astro-fight-gravity_m.jpg	8	- Embroidered patch design - Iron-on backing - Measurements: 3" tall	50